customer_id,first_name,last_name,email,gender,address
1,Wynny,Izchaki,wizchaki0@delicious.com,Female,PO Box 77095
2,Moritz,Wigelsworth,mwigelsworth1@discovery.com,Male,Room 476
3,Giovanna,Showers,gshowers2@canalblog.com,Female,PO Box 70435
4,Jerry,Pudney,jpudney3@bigcartel.com,Male,PO Box 85834
5,Warde,Bowley,wbowley4@google.ca,Male,Apt 1355
6,Vinny,Bartosinski,vbartosinski5@dell.com,Female,PO Box 12516
7,Elizabet,Davage,edavage6@dmoz.org,Female,3rd Floor
8,Mandi,Spawforth,mspawforth7@sbwire.com,Female,Suite 14
9,Jecho,Johns,jjohns8@msn.com,Male,Apt 760
10,Suzann,Basterfield,sbasterfield9@economist.com,Female,Room 609
11,Sibyl,Dunston,sdunstona@abc.net.au,Male,Suite 38
12,Derrik,Bryett,dbryettb@studiopress.com,Male,2nd Floor
13,Eric,Hawkett,ehawkettc@howstuffworks.com,Bigender,Suite 30
14,Jae,Hilland,jhillandd@bbb.org,Male,Apt 500
15,Roma,Askin,raskine@photobucket.com,Bigender,4th Floor
16,Jefferson,Westmore,jwestmoref@pbs.org,Male,Apt 867
17,Darlleen,Nazareth,dnazarethg@businesswire.com,Female,Suite 54
18,Bonni,Brunsen,bbrunsenh@senate.gov,Female,Suite 65
19,Karlie,Presser,kpresseri@senate.gov,Female,Room 403
20,Jonie,Leagas,jleagasj@smh.com.au,Female,Apt 59
21,Christie,Kollasch,ckollaschk@bandcamp.com,Female,Suite 51
22,Holly-anne,Ethridge,hethridgel@google.es,Female,Room 761
23,Coral,Mattersey,cmatterseym@slate.com,Female,Room 1129
24,Alexandrina,Walworche,awalworchen@amazon.com,Female,19th Floor
25,Wandis,Skirlin,wskirlino@cocolog-nifty.com,Female,Apt 1976
26,Austen,Jozwik,ajozwikp@sohu.com,Male,Suite 52
27,Moshe,Waddams,mwaddamsq@infoseek.co.jp,Polygender,16th Floor
28,Ashlee,Lisle,alisler@bing.com,Female,Room 1302
29,Ileana,Rosenshine,irosenshines@usgs.gov,Female,Apt 1329
30,Shel,Allen,sallent@ycombinator.com,Female,5th Floor
31,Perceval,Grewcock,pgrewcocku@sciencedirect.com,Male,13th Floor
32,Shandie,Bison,sbisonv@slate.com,Female,17th Floor
33,Pam,Petti,ppettiw@people.com.cn,Bigender,16th Floor
34,Montgomery,Garron,mgarronx@macromedia.com,Male,Room 1142
35,Audrey,Peetermann,apeetermanny@php.net,Female,PO Box 4197
36,Cherilyn,Rothera,crotheraz@de.vu,Female,Room 1016
37,Lindsy,Pass,lpass10@who.int,Female,Apt 1533
38,Darryl,Oulet,doulet11@nytimes.com,Male,Room 354
39,Friederike,Riep,friep12@studiopress.com,Female,Apt 1436
40,Erroll,O'Deoran,eodeoran13@unblog.fr,Male,Apt 1844
41,Diahann,Bywater,dbywater14@fda.gov,Female,PO Box 59453
42,Rockie,Willishire,rwillishire15@cargocollective.com,Male,Room 304
43,Griffy,Ainge,gainge16@nsw.gov.au,Male,PO Box 59134
44,Brade,Coulthurst,bcoulthurst17@addthis.com,Male,Room 1901
45,Guillaume,Cavil,gcavil18@blogspot.com,Male,Apt 514
46,Dal,McMyler,dmcmyler19@cbc.ca,Male,Room 1618
47,Adelaida,Sarge,asarge1a@ibm.com,Female,7th Floor
48,Atalanta,Huish,ahuish1b@bluehost.com,Female,Room 1718
49,Murielle,Dupoy,mdupoy1c@tamu.edu,Female,Apt 1135
50,Calley,Tryme,ctryme1d@acquirethisname.com,Female,13th Floor
51,Brigida,Savins,bsavins1e@gizmodo.com,Female,Apt 686
52,Rock,Tanner,rtanner1f@squidoo.com,Polygender,Apt 364
53,Alonso,Dowyer,adowyer1g@unesco.org,Male,Apt 1903
54,Bengt,Pinckney,bpinckney1h@123-reg.co.uk,Male,Suite 68
55,Phineas,Lamble,plamble1i@amazon.de,Agender,Room 195
56,Alfy,Flatt,aflatt1j@google.com.br,Female,3rd Floor
57,Iorgos,Antonellini,iantonellini1k@cisco.com,Male,Suite 89
58,Garry,Sickling,gsickling1l@yahoo.co.jp,Male,Room 1838
59,Waverley,Solomonides,wsolomonides1m@flavors.me,Male,Apt 1609
60,Lem,Du Pre,ldupre1n@plala.or.jp,Male,Apt 1784
61,Mae,Thow,mthow1o@e-recht24.de,Female,18th Floor
62,Junia,Mucklow,jmucklow1p@facebook.com,Non-binary,16th Floor
63,Kimmie,Kirgan,kkirgan1q@paginegialle.it,Female,Room 1788
64,Herculie,Jaksic,hjaksic1r@thetimes.co.uk,Male,Apt 301
65,Berne,Ivchenko,bivchenko1s@examiner.com,Male,PO Box 89995
66,Rafaelia,Snowden,rsnowden1t@weather.com,Female,PO Box 75202
67,Rafi,Bissell,rbissell1u@theguardian.com,Male,Suite 62
68,Jesselyn,Pletts,jpletts1v@rambler.ru,Genderqueer,9th Floor
69,Shadow,Percival,spercival1w@ovh.net,Male,Room 1102
70,Trefor,Sowray,tsowray1x@usgs.gov,Male,1st Floor
71,Greta,Lubman,glubman1y@economist.com,Female,Suite 66
72,Herminia,Danzey,hdanzey1z@cyberchimps.com,Female,Room 791
73,Jyoti,Fennelly,jfennelly20@github.com,Female,Suite 20
74,Jerry,Polye,jpolye21@deliciousdays.com,Female,Apt 952
75,Des,Morillas,dmorillas22@photobucket.com,Male,Apt 1897
76,Tobias,Howitt,thowitt23@nhs.uk,Male,Room 1483
77,Giorgia,Kerman,gkerman24@smh.com.au,Female,Room 1002
78,Rena,Ludford,rludford25@ted.com,Female,Room 272
79,Sigfried,Kwietek,skwietek26@1und1.de,Male,PO Box 34241
80,Willabella,Gabbott,wgabbott27@ustream.tv,Female,PO Box 74504
81,Jozef,Newburn,jnewburn28@webs.com,Male,Apt 1283
82,Lorie,Southey,lsouthey29@mozilla.com,Bigender,Apt 1663
83,Renato,Baxill,rbaxill2a@rakuten.co.jp,Male,Apt 320
84,Ilise,Trendle,itrendle2b@nature.com,Female,PO Box 62546
85,Christa,Ribeiro,cribeiro2c@networksolutions.com,Agender,Apt 1180
86,Lynnea,Huygen,lhuygen2d@netvibes.com,Female,Suite 61
87,Vincenty,Handasyde,vhandasyde2e@tumblr.com,Male,3rd Floor
88,Celinka,Gossage,cgossage2f@theglobeandmail.com,Female,Suite 79
89,Fran,Galtone,fgaltone2g@cloudflare.com,Female,Suite 57
90,Fina,Greenhough,fgreenhough2h@sina.com.cn,Female,Room 1849
91,Rafa,Billo,rbillo2i@prweb.com,Female,PO Box 48139
92,Scot,Cheak,scheak2j@woothemes.com,Male,Suite 11
93,Sigismundo,Vanyukhin,svanyukhin2k@apple.com,Male,PO Box 24925
94,Giustino,Slocumb,gslocumb2l@squidoo.com,Male,1st Floor
95,Iago,Diffley,idiffley2m@auda.org.au,Male,Apt 1476
96,Cody,Allred,callred2n@home.pl,Male,Room 57
97,Reinwald,Eadie,readie2o@jalbum.net,Agender,PO Box 45133
98,Skippie,Sheach,ssheach2p@t.co,Male,14th Floor
99,Marlo,Tamas,mtamas2q@apache.org,Female,Suite 53
100,Edeline,Lotwich,elotwich2r@ucoz.ru,Female,Room 93
101,Krissy,Bibb,kbibb2s@intel.com,Female,Apt 1631
102,Ad,Poate,apoate2t@berkeley.edu,Male,Apt 1716
103,Alano,Ondrus,aondrus2u@reuters.com,Male,PO Box 40014
104,Ami,Studholme,astudholme2v@woothemes.com,Female,Room 1976
105,Editha,Fumagallo,efumagallo2w@businessinsider.com,Female,PO Box 82672
106,Janek,Booth-Jarvis,jboothjarvis2x@bloglovin.com,Male,Room 906
107,Everard,Dows,edows2y@discuz.net,Male,Apt 667
108,Helenelizabeth,Letrange,hletrange2z@hao123.com,Female,Suite 37
109,Thomasine,Davenhill,tdavenhill30@tinyurl.com,Female,Room 1896
110,Jemimah,Tidball,jtidball31@ted.com,Female,Room 15
111,Leonora,Hatchard,lhatchard32@is.gd,Female,12th Floor
112,Misty,Mitchinson,mmitchinson33@digg.com,Female,Room 1921
113,Oswell,Ciotto,ociotto34@google.co.uk,Male,Suite 78
114,Lorri,Heymes,lheymes35@elpais.com,Female,Suite 84
115,Teddy,Bowcock,tbowcock36@themeforest.net,Female,4th Floor
116,Ian,Cree,icree37@tinypic.com,Male,Suite 82
117,Franny,Ramsay,framsay38@sun.com,Male,Room 591
118,Melania,Van Dale,mvandale39@geocities.com,Female,7th Floor
119,Trixi,McKeefry,tmckeefry3a@4shared.com,Female,9th Floor
120,Kynthia,Schoroder,kschoroder3b@cocolog-nifty.com,Female,PO Box 54786
121,Reamonn,Crannis,rcrannis3c@ebay.co.uk,Male,15th Floor
122,Lilyan,Boddam,lboddam3d@vimeo.com,Female,Apt 195
123,Jeniffer,Roddell,jroddell3e@hubpages.com,Female,2nd Floor
124,Wolfy,Olliff,wolliff3f@earthlink.net,Male,3rd Floor
125,Erl,Hounson,ehounson3g@scribd.com,Male,Room 1269
126,Robert,Iredell,riredell3h@ocn.ne.jp,Male,Suite 77
127,Phoebe,McFetridge,pmcfetridge3i@myspace.com,Female,Apt 338
128,Arleyne,Prose,aprose3j@washington.edu,Female,PO Box 40086
129,Liv,Mullis,lmullis3k@feedburner.com,Female,Suite 30
130,Alaric,McDonogh,amcdonogh3l@hhs.gov,Male,Room 107
131,Granville,Yuryaev,gyuryaev3m@last.fm,Male,9th Floor
132,Clifford,Siely,csiely3n@smugmug.com,Male,Apt 1442
133,Hillery,Connow,hconnow3o@java.com,Agender,Room 578
134,Nadeen,Embling,nembling3p@theguardian.com,Female,Suite 45
135,Prentiss,Yegorev,pyegorev3q@guardian.co.uk,Male,PO Box 81738
136,Cheston,Jedrzej,cjedrzej3r@miibeian.gov.cn,Male,Suite 2
137,Mariya,Lardeux,mlardeux3s@bbb.org,Female,Suite 80
138,Celene,Wigmore,cwigmore3t@timesonline.co.uk,Female,2nd Floor
139,Hartwell,Eouzan,heouzan3u@newyorker.com,Male,Room 214
140,Ellsworth,Leavey,eleavey3v@mlb.com,Male,Apt 1574
141,Griffie,Whittock,gwhittock3w@hibu.com,Male,Suite 93
142,Florida,Blowin,fblowin3x@flavors.me,Female,PO Box 79525
143,Fransisco,Amsberger,famsberger3y@instagram.com,Male,PO Box 97753
144,Shandy,Creser,screser3z@cloudflare.com,Non-binary,PO Box 56181
145,Adam,Ferrarese,aferrarese40@imageshack.us,Male,5th Floor
146,Cesar,McCrone,cmccrone41@umn.edu,Male,Room 1588
147,Emmalynne,Aronowitz,earonowitz42@wikia.com,Female,PO Box 54862
148,Lana,Simononsky,lsimononsky43@nps.gov,Female,Apt 1262
149,Granville,Dackombe,gdackombe44@ycombinator.com,Male,12th Floor
150,Georgetta,Harbron,gharbron45@bbc.co.uk,Female,Suite 65
151,Desi,Marcome,dmarcome46@xing.com,Male,11th Floor
152,Amelita,Moreside,amoreside47@dailymotion.com,Female,PO Box 69675
153,Henrie,Bloxsom,hbloxsom48@psu.edu,Female,3rd Floor
154,Granville,Spindler,gspindler49@nationalgeographic.com,Male,Apt 1323
155,Sim,Di Napoli,sdinapoli4a@goo.gl,Male,Room 1552
156,Aurelia,Garlicke,agarlicke4b@fotki.com,Female,Room 1187
157,Dahlia,Eckh,deckh4c@mozilla.com,Female,10th Floor
158,Karisa,MacKibbon,kmackibbon4d@quantcast.com,Female,PO Box 77877
159,Kory,Stanislaw,kstanislaw4e@prnewswire.com,Male,PO Box 47150
160,Lambert,Greggersen,lgreggersen4f@ask.com,Male,Apt 354
161,Cornelius,McMinn,cmcminn4g@google.co.jp,Male,1st Floor
162,Lyssa,Shovelbottom,lshovelbottom4h@netscape.com,Female,PO Box 4175
163,Ealasaid,Bollis,ebollis4i@imageshack.us,Female,PO Box 71915
164,Teodoro,Thorogood,tthorogood4j@techcrunch.com,Male,Apt 95
165,Lani,Braunes,lbraunes4k@github.io,Non-binary,Suite 26
166,Omar,Burnsides,oburnsides4l@unblog.fr,Male,PO Box 52177
167,Philly,Almeida,palmeida4m@exblog.jp,Genderfluid,PO Box 61831
168,Deana,Aimer,daimer4n@yellowbook.com,Female,Room 742
169,Tammie,Wafer,twafer4o@behance.net,Male,Suite 64
170,Maiga,Ewart,mewart4p@virginia.edu,Female,Suite 41
171,Galen,Noden,gnoden4q@theguardian.com,Male,3rd Floor
172,Sebastian,Manwaring,smanwaring4r@skyrock.com,Male,PO Box 79925
173,Jae,Callander,jcallander4s@omniture.com,Male,20th Floor
174,Celka,Cosgrave,ccosgrave4t@mail.ru,Female,Room 48
175,Kevyn,Rougier,krougier4u@smh.com.au,Female,1st Floor
176,Nora,Hebner,nhebner4v@liveinternet.ru,Female,Suite 92
177,Ruddy,Sillis,rsillis4w@msn.com,Male,Apt 204
178,Celeste,Barczynski,cbarczynski4x@tinyurl.com,Female,11th Floor
179,Arlette,Yosselevitch,ayosselevitch4y@illinois.edu,Genderqueer,Suite 11
180,Giustino,Woolf,gwoolf4z@dot.gov,Male,Room 756
181,Harwilll,Battaille,hbattaille50@weibo.com,Male,Room 101
182,Dorrie,Meek,dmeek51@fema.gov,Female,Room 1562
183,Mallory,Jeffcoate,mjeffcoate52@miitbeian.gov.cn,Male,2nd Floor
184,Colas,Merry,cmerry53@dell.com,Male,Room 204
185,Pennie,Czajkowska,pczajkowska54@purevolume.com,Male,17th Floor
186,Tamas,Waterworth,twaterworth55@infoseek.co.jp,Male,Suite 29
187,Clark,Madrell,cmadrell56@webs.com,Male,PO Box 43106
188,Shirley,Brownsmith,sbrownsmith57@theatlantic.com,Female,Room 361
189,Ada,Hollyman,ahollyman58@csmonitor.com,Female,Suite 30
190,Antin,Yitzowitz,ayitzowitz59@ted.com,Polygender,2nd Floor
191,Adrian,Cleynaert,acleynaert5a@guardian.co.uk,Male,PO Box 7703
192,Trixi,Eeles,teeles5b@posterous.com,Bigender,PO Box 87376
193,Isa,Dingivan,idingivan5c@wikispaces.com,Male,Apt 909
194,Cyb,Goburn,cgoburn5d@hostgator.com,Female,18th Floor
195,Gwyn,Danslow,gdanslow5e@amazon.de,Female,Suite 36
196,Titos,Conklin,tconklin5f@yolasite.com,Male,Room 1739
197,Kathe,Prestland,kprestland5g@princeton.edu,Polygender,Suite 67
198,Markos,Kordova,mkordova5h@businessweek.com,Male,PO Box 33180
199,Nicolas,Bagby,nbagby5i@wikimedia.org,Male,Suite 93
200,Gerhard,Coarser,gcoarser5j@ebay.co.uk,Male,Apt 7
201,Torre,Kuhl,tkuhl5k@addtoany.com,Male,Suite 99
202,Victoir,Hinkley,vhinkley5l@businessweek.com,Male,PO Box 15255
203,Shell,Cudd,scudd5m@wufoo.com,Male,Room 1070
204,Elvina,Langshaw,elangshaw5n@timesonline.co.uk,Bigender,PO Box 27199
205,Karyl,Edlyn,kedlyn5o@wired.com,Female,11th Floor
206,Siffre,Gamage,sgamage5p@ox.ac.uk,Male,Suite 67
207,Karina,Cissell,kcissell5q@icq.com,Female,Apt 61
208,Waring,Priestner,wpriestner5r@themeforest.net,Genderfluid,Apt 808
209,Tulley,Demkowicz,tdemkowicz5s@dion.ne.jp,Male,2nd Floor
210,Rea,Lewens,rlewens5t@pcworld.com,Female,Apt 752
211,Husein,Stearndale,hstearndale5u@home.pl,Agender,4th Floor
212,Honor,Cryer,hcryer5v@addtoany.com,Female,16th Floor
213,Iosep,Gabbitas,igabbitas5w@drupal.org,Male,Suite 61
214,Paulie,Shergold,pshergold5x@amazon.co.jp,Female,Suite 40
215,Leopold,Oughton,loughton5y@apple.com,Male,Apt 1764
216,Lorettalorna,Wegener,lwegener5z@tuttocitta.it,Polygender,Apt 687
217,Dimitri,Oldroyde,doldroyde60@msu.edu,Male,Suite 89
218,Lisetta,Elcum,lelcum61@tiny.cc,Genderfluid,Apt 1982
219,Fleurette,Drable,fdrable62@domainmarket.com,Female,20th Floor
220,Anatola,Gething,agething63@t.co,Female,Apt 1450
221,Fancy,Keming,fkeming64@mysql.com,Female,Room 1183
222,Dwayne,Moon,dmoon65@cnn.com,Male,10th Floor
223,Arman,Redshaw,aredshaw66@mozilla.com,Male,Suite 95
224,Bess,Jeroch,bjeroch67@nba.com,Non-binary,PO Box 60169
225,Garnette,Domenichini,gdomenichini68@quantcast.com,Female,PO Box 12528
226,Cully,Fryd,cfryd69@nih.gov,Male,Apt 700
227,Marthe,Torricella,mtorricella6a@dyndns.org,Female,Suite 57
228,Orville,Kilbane,okilbane6b@mlb.com,Male,Room 100
229,Hestia,Kless,hkless6c@vimeo.com,Female,4th Floor
230,Basile,Duddle,bduddle6d@naver.com,Male,Apt 669
231,Kean,Pering,kpering6e@rakuten.co.jp,Male,Room 765
232,Courtnay,Lynnitt,clynnitt6f@prlog.org,Female,Suite 31
233,Lock,Lilleyman,llilleyman6g@mapquest.com,Male,Apt 1106
234,Samson,Saile,ssaile6h@behance.net,Male,Apt 463
235,Ingamar,Beazleigh,ibeazleigh6i@mysql.com,Male,PO Box 7160
236,Ellerey,Paladino,epaladino6j@cbc.ca,Male,PO Box 90173
237,Zahara,Ashe,zashe6k@i2i.jp,Genderfluid,11th Floor
238,Herb,Halgarth,hhalgarth6l@123-reg.co.uk,Male,PO Box 55121
239,Ken,Battelle,kbattelle6m@stanford.edu,Male,PO Box 6639
240,Britt,Alldritt,balldritt6n@examiner.com,Female,20th Floor
241,Jason,Isacsson,jisacsson6o@hp.com,Male,Apt 1529
242,Rolfe,Raithmill,rraithmill6p@bing.com,Male,Apt 384
243,Guss,Bohills,gbohills6q@mapy.cz,Male,Suite 35
244,Cyndie,Brummell,cbrummell6r@t-online.de,Female,PO Box 71169
245,Angy,Klaesson,aklaesson6s@printfriendly.com,Female,Room 1675
246,Godart,Don,gdon6t@pbs.org,Male,Apt 1569
247,Matt,Vickress,mvickress6u@ycombinator.com,Male,16th Floor
248,Saxon,Lancastle,slancastle6v@booking.com,Male,Suite 41
249,Cyb,Smallthwaite,csmallthwaite6w@vk.com,Female,PO Box 67482
250,Christin,Mariotte,cmariotte6x@psu.edu,Genderqueer,Suite 20
251,Agnella,Geggie,ageggie6y@tinyurl.com,Female,Apt 536
252,Avie,Linger,alinger6z@mapy.cz,Female,Suite 15
253,Gypsy,Chesney,gchesney70@amazon.com,Female,Apt 1228
254,Concordia,Domanski,cdomanski71@deviantart.com,Female,2nd Floor
255,Joby,Bordone,jbordone72@joomla.org,Female,Room 1510
256,Leona,Picheford,lpicheford73@fema.gov,Female,Apt 1234
257,Donnell,Timmis,dtimmis74@meetup.com,Male,10th Floor
258,Merrel,Lamers,mlamers75@soup.io,Male,Suite 34
259,Alberto,Beeres,abeeres76@parallels.com,Male,Suite 84
260,Rheba,Eastlake,reastlake77@ezinearticles.com,Genderfluid,Apt 1416
261,Isidore,McGilvary,imcgilvary78@hexun.com,Male,Suite 84
262,Stesha,Jays,sjays79@skyrock.com,Non-binary,14th Floor
263,Konstantine,Ellens,kellens7a@hibu.com,Non-binary,Apt 595
264,Gardner,Vesty,gvesty7b@fc2.com,Male,Suite 45
265,Ryan,Orsman,rorsman7c@ebay.com,Male,Room 1992
266,Orton,Mar,omar7d@nhs.uk,Male,PO Box 35431
267,Angelique,Houldcroft,ahouldcroft7e@com.com,Female,Room 398
268,Ian,Boydell,iboydell7f@huffingtonpost.com,Male,9th Floor
269,Kale,Skerm,kskerm7g@webeden.co.uk,Male,Room 859
270,Theressa,Steers,tsteers7h@nsw.gov.au,Female,20th Floor
271,Thomasin,Wakerley,twakerley7i@spiegel.de,Female,16th Floor
272,Benjamin,Gavaghan,bgavaghan7j@statcounter.com,Male,Apt 23
273,Kiley,Klimkowski,kklimkowski7k@google.com.hk,Male,Room 824
274,Eleanor,Nannini,enannini7l@scientificamerican.com,Female,Room 1566
275,Jacky,Lindell,jlindell7m@discovery.com,Female,Apt 1264
276,Livvyy,Godspeede,lgodspeede7n@howstuffworks.com,Female,Room 708
277,Yorgo,Bernetti,ybernetti7o@scientificamerican.com,Genderqueer,Room 312
278,Courtney,Nelson,cnelson7p@wordpress.com,Male,Suite 72
279,Kiah,Roxbee,kroxbee7q@telegraph.co.uk,Female,PO Box 24165
280,Constancy,Braffington,cbraffington7r@webnode.com,Female,Apt 1217
281,Niki,Bortoloni,nbortoloni7s@howstuffworks.com,Male,Room 1833
282,Jo ann,Dadge,jdadge7t@unc.edu,Genderqueer,7th Floor
283,Gale,Tedahl,gtedahl7u@tiny.cc,Male,Apt 477
284,Tarrah,Dye,tdye7v@bravesites.com,Female,PO Box 80327
285,Loree,Ivanchikov,livanchikov7w@bbc.co.uk,Female,PO Box 4735
286,Brook,Vedstra,bvedstra7x@artisteer.com,Female,6th Floor
287,Petronella,Meran,pmeran7y@yellowpages.com,Female,Room 34
288,April,Vertey,avertey7z@google.fr,Female,PO Box 59950
289,Ab,Squire,asquire80@uol.com.br,Male,PO Box 65770
290,Sunny,Starsmeare,sstarsmeare81@creativecommons.org,Male,Suite 8
291,Donny,Einchcombe,deinchcombe82@cam.ac.uk,Female,PO Box 59524
292,Neel,Kensett,nkensett83@nba.com,Male,Suite 51
293,Aurora,LAbbet,alabbet84@biblegateway.com,Female,PO Box 18684
294,Cristal,Hathway,chathway85@spotify.com,Female,Suite 21
295,Russ,Gluyas,rgluyas86@etsy.com,Male,Apt 1762
296,Rance,Spinley,rspinley87@icio.us,Male,Suite 43
297,Francois,Conachy,fconachy88@indiatimes.com,Male,Apt 967
298,Antonia,Bedenham,abedenham89@hibu.com,Female,PO Box 79907
299,Adah,Abthorpe,aabthorpe8a@cbsnews.com,Genderqueer,Apt 1063
300,Meriel,Stodhart,mstodhart8b@icq.com,Female,Apt 1208
301,Colette,Race,crace8c@google.com.hk,Female,13th Floor
302,Monty,Parfett,mparfett8d@slate.com,Male,PO Box 99876
303,Torrance,Navaro,tnavaro8e@state.gov,Male,Apt 1017
304,Cate,Blencoe,cblencoe8f@telegraph.co.uk,Genderqueer,Suite 88
305,Valaree,Collopy,vcollopy8g@europa.eu,Female,9th Floor
306,Daniella,Casper,dcasper8h@istockphoto.com,Female,Room 1013
307,Allyn,Reichert,areichert8i@hhs.gov,Male,PO Box 1422
308,Reider,Missington,rmissington8j@pinterest.com,Male,Room 419
309,Alister,Bondar,abondar8k@tripod.com,Genderqueer,Suite 69
310,Idalina,Zecchi,izecchi8l@mac.com,Bigender,Suite 7
311,Micah,Bartels-Ellis,mbartelsellis8m@joomla.org,Male,Apt 797
312,Nonie,Blondell,nblondell8n@slashdot.org,Female,Apt 372
313,Charmian,Langford,clangford8o@tmall.com,Female,Apt 1503
314,Vick,O'Hannay,vohannay8p@yelp.com,Male,PO Box 66105
315,Audre,Lightman,alightman8q@wiley.com,Female,Apt 973
316,Christie,Penas,cpenas8r@senate.gov,Male,PO Box 3599
317,Effie,Farley,efarley8s@columbia.edu,Female,14th Floor
318,Sioux,Padley,spadley8t@topsy.com,Genderfluid,Suite 71
319,Christina,Ellicock,cellicock8u@alexa.com,Female,Suite 67
320,Erich,Swatheridge,eswatheridge8v@wix.com,Agender,Apt 695
321,Clovis,Currao,ccurrao8w@miitbeian.gov.cn,Female,Apt 824
322,Morty,Overstreet,moverstreet8x@drupal.org,Male,Room 1932
323,Alyss,Menghi,amenghi8y@reuters.com,Female,Suite 80
324,Ilaire,MacGruer,imacgruer8z@europa.eu,Male,Apt 1450
325,Suki,Brandham,sbrandham90@privacy.gov.au,Female,Room 1978
326,Thurstan,Nourse,tnourse91@slashdot.org,Agender,Suite 99
327,Filmer,Riglesford,friglesford92@thetimes.co.uk,Male,Apt 492
328,Gareth,Halpen,ghalpen93@nymag.com,Male,Room 271
329,Evy,Seydlitz,eseydlitz94@bloomberg.com,Female,Room 166
330,Robbie,Dumberell,rdumberell95@about.me,Male,Suite 13
331,Pauletta,Bartosch,pbartosch96@seesaa.net,Female,Suite 81
332,Kerry,Shailer,kshailer97@simplemachines.org,Polygender,PO Box 52571
333,Trixy,Glandon,tglandon98@wikimedia.org,Female,Room 150
334,Katrine,Cereceres,kcereceres99@discuz.net,Female,Room 185
335,Billie,Sandison,bsandison9a@tinypic.com,Male,Apt 14
336,Renate,Daen,rdaen9b@instagram.com,Female,Apt 1452
337,Jacki,Duester,jduester9c@redcross.org,Female,Suite 2
338,Sunny,Laver,slaver9d@dot.gov,Female,Room 274
339,Dannye,Mila,dmila9e@surveymonkey.com,Female,Suite 59
340,Traci,Lewing,tlewing9f@dmoz.org,Female,Apt 536
341,Byrle,Hyatt,bhyatt9g@shop-pro.jp,Male,Room 1112
342,Sisile,Puvia,spuvia9h@patch.com,Female,Apt 1403
343,Barbie,Meek,bmeek9i@geocities.jp,Female,PO Box 23553
344,Harlin,Aymer,haymer9j@foxnews.com,Male,5th Floor
345,Tuckie,Dearl,tdearl9k@blogtalkradio.com,Male,PO Box 56259
346,Hy,Hawe,hhawe9l@fotki.com,Male,20th Floor
347,Tedd,Raatz,traatz9m@bloglines.com,Genderfluid,Room 13
348,Upton,Camillo,ucamillo9n@sbwire.com,Male,Suite 86
349,Fred,Vautier,fvautier9o@cdbaby.com,Female,Room 195
350,Moise,Creak,mcreak9p@wordpress.org,Male,Apt 1410
351,Nedda,Munroe,nmunroe9q@google.cn,Female,Suite 73
352,Mariette,Pighills,mpighills9r@gmpg.org,Female,Room 333
353,Sandye,Undy,sundy9s@squidoo.com,Polygender,Suite 16
354,Rurik,Royse,rroyse9t@uol.com.br,Male,Room 1379
355,Marylin,Maryan,mmaryan9u@umn.edu,Female,PO Box 53224
356,Lauree,Tapper,ltapper9v@wiley.com,Bigender,Room 1949
357,Amalea,Laugharne,alaugharne9w@accuweather.com,Female,Suite 76
358,Blaire,Attle,battle9x@csmonitor.com,Female,Suite 61
359,Johnath,Summersby,jsummersby9y@skyrock.com,Female,Apt 1759
360,Horacio,Lomath,hlomath9z@webmd.com,Male,18th Floor
361,Cyndie,Bagster,cbagstera0@boston.com,Agender,Suite 6
362,Hart,Lidgate,hlidgatea1@theglobeandmail.com,Male,1st Floor
363,Caralie,Romanski,cromanskia2@sun.com,Female,Suite 100
364,Laurena,Sibbson,lsibbsona3@people.com.cn,Female,Apt 759
365,Solly,Bicker,sbickera4@de.vu,Male,19th Floor
366,Nollie,Lark,nlarka5@utexas.edu,Male,PO Box 38565
367,Bren,Romanelli,bromanellia6@mozilla.org,Female,Room 1284
368,Nevin,Cummungs,ncummungsa7@fda.gov,Male,Suite 91
369,Jordanna,Labdon,jlabdona8@domainmarket.com,Female,Apt 894
370,Boot,Bolstridge,bbolstridgea9@ocn.ne.jp,Male,Apt 863
371,Shandie,Weiner,sweineraa@netlog.com,Female,PO Box 57271
372,Britt,Caswill,bcaswillab@mapquest.com,Female,6th Floor
373,Henderson,Pirri,hpirriac@xinhuanet.com,Male,PO Box 46725
374,Adi,Waind,awaindad@posterous.com,Female,Suite 13
375,Kirstin,Kobus,kkobusae@etsy.com,Female,Apt 1340
376,Etheline,Toffolo,etoffoloaf@fotki.com,Female,Apt 481
377,Sorcha,Belverstone,sbelverstoneag@newyorker.com,Female,PO Box 61545
378,Kippie,Smallpeace,ksmallpeaceah@nationalgeographic.com,Female,Apt 377
379,Norton,Revening,nreveningai@ucla.edu,Male,10th Floor
380,Xylia,Morphey,xmorpheyaj@wunderground.com,Female,5th Floor
381,Olivero,Poskitt,oposkittak@istockphoto.com,Male,PO Box 65173
382,Maegan,Berthomier,mberthomieral@nsw.gov.au,Female,16th Floor
383,Arron,Faustian,afaustianam@illinois.edu,Male,PO Box 19115
384,Randy,Terrington,rterringtonan@soundcloud.com,Male,PO Box 33254
385,Fredelia,Pole,fpoleao@examiner.com,Female,15th Floor
386,Sol,Lodwick,slodwickap@army.mil,Male,Room 1524
387,Vonny,Kennicott,vkennicottaq@unc.edu,Female,PO Box 73477
388,Lothaire,Walwood,lwalwoodar@seesaa.net,Bigender,Suite 52
389,Anabelle,Costain,acostainas@bloglovin.com,Female,Suite 76
390,Paolo,Jex,pjexat@usatoday.com,Male,Room 1409
391,Bartholomeus,Marklin,bmarklinau@ning.com,Male,Apt 901
392,Hortense,Fleming,hflemingav@sphinn.com,Female,Suite 78
393,Sallie,Pengilley,spengilleyaw@indiegogo.com,Female,PO Box 65138
394,Chastity,Roddell,croddellax@kickstarter.com,Female,Apt 1592
395,Corella,Finding,cfindingay@surveymonkey.com,Female,15th Floor
396,Larisa,Metts,lmettsaz@princeton.edu,Female,Room 1235
397,Arlin,Drinkale,adrinkaleb0@alexa.com,Male,PO Box 83388
398,Charlie,O'Sharry,cosharryb1@ca.gov,Male,Suite 75
399,Shaylyn,Paskerful,spaskerfulb2@wsj.com,Female,Suite 2
400,Briana,Banbridge,bbanbridgeb3@is.gd,Non-binary,6th Floor
401,Charley,Schuler,cschulerb4@si.edu,Male,Room 708
402,Brent,Le Prevost,bleprevostb5@ted.com,Male,PO Box 55759
403,Claudianus,Allsworth,callsworthb6@census.gov,Male,Suite 44
404,Benton,Jaxon,bjaxonb7@timesonline.co.uk,Male,PO Box 23396
405,Marrilee,Trevallion,mtrevallionb8@odnoklassniki.ru,Female,Apt 1941
406,Gerardo,Ebbens,gebbensb9@ox.ac.uk,Genderqueer,Suite 43
407,Sandor,Glazyer,sglazyerba@people.com.cn,Genderqueer,Room 1633
408,Dorolisa,Silwood,dsilwoodbb@bbc.co.uk,Female,Apt 65
409,Ian,Pepi,ipepibc@discovery.com,Male,Apt 1236
410,Rafferty,Christon,rchristonbd@sogou.com,Male,Apt 702
411,Kalila,Yakushkev,kyakushkevbe@posterous.com,Female,Suite 87
412,Arlana,Antonutti,aantonuttibf@lulu.com,Female,Room 1236
413,Claudius,Weitzel,cweitzelbg@springer.com,Male,Suite 56
414,Binnie,Gard,bgardbh@photobucket.com,Female,Suite 72
415,Donnell,Jockle,djocklebi@ycombinator.com,Male,Apt 36
416,Bertine,Grassi,bgrassibj@bbb.org,Female,Apt 1018
417,Faustine,Blackett,fblackettbk@apache.org,Genderqueer,Room 1943
418,Aguistin,Duncombe,aduncombebl@huffingtonpost.com,Male,Apt 691
419,Yovonnda,Roderick,yroderickbm@hhs.gov,Female,Apt 1861
420,Valentine,Andersch,vanderschbn@example.com,Male,Room 1051
421,Babbie,Binnes,bbinnesbo@diigo.com,Female,Apt 42
422,Penelopa,Pellitt,ppellittbp@google.ru,Female,PO Box 1155
423,Bowie,Sammonds,bsammondsbq@cloudflare.com,Male,Apt 1998
424,Munroe,Tixier,mtixierbr@over-blog.com,Male,Apt 900
425,Sly,Sargeant,ssargeantbs@imgur.com,Male,Room 1734
426,Candra,Siney,csineybt@bbb.org,Polygender,16th Floor
427,Kristy,Rolland,krollandbu@aboutads.info,Female,13th Floor
428,Carrissa,Tommei,ctommeibv@unblog.fr,Female,Room 1438
429,Bernita,Tallet,btalletbw@google.ca,Female,12th Floor
430,Shanan,Nalder,snalderbx@purevolume.com,Male,Suite 11
431,Dominga,Jimenez,djimenezby@usgs.gov,Female,16th Floor
432,Yolande,Casement,ycasementbz@goodreads.com,Female,Room 554
433,Gal,McMakin,gmcmakinc0@chron.com,Male,PO Box 95091
434,Lynda,Kiddie,lkiddiec1@blogs.com,Female,Suite 72
435,Gina,Vickors,gvickorsc2@soup.io,Female,Suite 48
436,Brittan,Weddup,bweddupc3@mediafire.com,Female,Apt 1980
437,Garfield,Crathorne,gcrathornec4@acquirethisname.com,Male,1st Floor
438,Reese,Gatch,rgatchc5@addtoany.com,Male,PO Box 57994
439,Arvie,Zamudio,azamudioc6@dmoz.org,Male,Suite 59
440,Dwain,Newdick,dnewdickc7@multiply.com,Male,Suite 97
441,Darryl,Feilden,dfeildenc8@list-manage.com,Male,Room 1444
442,Reinwald,Caltun,rcaltunc9@1und1.de,Male,PO Box 78992
443,Norrie,Grovier,ngrovierca@bloglovin.com,Male,16th Floor
444,Konstanze,Teaze,kteazecb@instagram.com,Female,Suite 45
445,Brina,Dixson,bdixsoncc@icio.us,Female,Apt 1178
446,Ekaterina,Circuitt,ecircuittcd@berkeley.edu,Female,Room 634
447,Blisse,Mussington,bmussingtonce@businessinsider.com,Female,7th Floor
448,Ardelia,Wrankmore,awrankmorecf@google.com.au,Female,Room 504
449,Meredith,Gorke,mgorkecg@europa.eu,Female,4th Floor
450,Bertha,Gates,bgatesch@alexa.com,Female,14th Floor
451,Somerset,Lindsell,slindsellci@wiley.com,Male,Suite 39
452,Tedra,Bridal,tbridalcj@senate.gov,Female,9th Floor
453,Toddie,Bullcock,tbullcockck@foxnews.com,Male,Apt 1408
454,Hube,Pyburn,hpyburncl@newyorker.com,Male,Apt 1400
455,Brantley,Shavel,bshavelcm@mtv.com,Male,Room 888
456,George,Josland,gjoslandcn@pbs.org,Female,PO Box 26612
457,Cyndia,Havick,chavickco@ning.com,Female,Suite 39
458,Gabriele,Wassung,gwassungcp@unesco.org,Male,Apt 450
459,Gracie,Oxlee,goxleecq@domainmarket.com,Female,Apt 1107
460,Leroy,Webland,lweblandcr@posterous.com,Male,Room 131
461,Myrlene,Goodbanne,mgoodbannecs@abc.net.au,Female,Apt 1153
462,Emmy,Moisey,emoiseyct@tinypic.com,Male,Apt 1218
463,Scottie,Beadon,sbeadoncu@wp.com,Male,PO Box 12478
464,Neysa,Arnolds,narnoldscv@yelp.com,Female,PO Box 23377
465,Christine,Roughey,crougheycw@admin.ch,Female,PO Box 7154
466,Rollins,De Beauchamp,rdebeauchampcx@geocities.jp,Male,Suite 20
467,Caty,Kelcher,ckelchercy@seattletimes.com,Female,Suite 67
468,Gordy,Vermer,gvermercz@slashdot.org,Male,PO Box 27668
469,Neddy,Yorath,nyorathd0@about.me,Male,Apt 1454
470,Aridatha,Brayne,abrayned1@xinhuanet.com,Female,Suite 59
471,Zola,Ferrige,zferriged2@xing.com,Female,Suite 47
472,Annadiane,Jahnig,ajahnigd3@epa.gov,Female,PO Box 24303
473,Eleanora,Einchcombe,eeinchcombed4@latimes.com,Polygender,Suite 23
474,Gregg,Twopenny,gtwopennyd5@topsy.com,Male,11th Floor
475,Rory,Ions,rionsd6@china.com.cn,Male,Suite 38
476,Petronilla,Whatson,pwhatsond7@hugedomains.com,Female,Suite 40
477,Hersch,Breyt,hbreytd8@barnesandnoble.com,Male,PO Box 97728
478,Hashim,Riding,hridingd9@tamu.edu,Male,Apt 1001
479,Nealson,Yakovich,nyakovichda@sciencedaily.com,Male,Suite 9
480,Benedetta,Franseco,bfransecodb@biglobe.ne.jp,Female,12th Floor
481,Steward,Shaw,sshawdc@statcounter.com,Male,Room 1884
482,Joli,Anstice,jansticedd@ucoz.ru,Female,PO Box 39153
483,Raddie,Aisman,raismande@imgur.com,Male,PO Box 36510
484,Derron,Meace,dmeacedf@msu.edu,Male,PO Box 21257
485,Iosep,Gannicott,igannicottdg@sourceforge.net,Male,PO Box 57831
486,Frederik,Mellem,fmellemdh@about.me,Male,Suite 80
487,Antonia,Granleese,agranleesedi@pcworld.com,Female,PO Box 5255
488,Nonna,Cleland,nclelanddj@google.com.hk,Female,2nd Floor
489,Laryssa,Garcia,lgarciadk@twitpic.com,Agender,5th Floor
490,Hillary,Discombe,hdiscombedl@theguardian.com,Bigender,Room 1657
491,Bianca,Juan,bjuandm@aol.com,Female,Room 1159
492,Jedd,Fudge,jfudgedn@gmpg.org,Male,Suite 48
493,Sadella,Fear,sfeardo@examiner.com,Female,Apt 1247
494,Kriste,Herkess,kherkessdp@wunderground.com,Female,PO Box 97485
495,Maurizio,Sandilands,msandilandsdq@mapy.cz,Male,Suite 15
496,Cyrill,Handmore,chandmoredr@upenn.edu,Male,Room 160
497,Ansell,Winspar,awinspards@shinystat.com,Male,Apt 664
498,Betsey,Baldree,bbaldreedt@nps.gov,Female,Room 1000
499,Zarah,Caitlin,zcaitlindu@jalbum.net,Female,Suite 15
500,Kalvin,Kearsley,kkearsleydv@woothemes.com,Bigender,Apt 926
501,Zacharia,Jakubczyk,zjakubczykdw@friendfeed.com,Male,Apt 620
502,Brigitte,Penney,bpenneydx@ibm.com,Female,Suite 89
503,Alexina,Kliment,aklimentdy@squarespace.com,Agender,10th Floor
504,Tiphanie,Kealey,tkealeydz@chron.com,Female,PO Box 6621
505,Adolphus,Di Franceshci,adifranceshcie0@cbc.ca,Male,8th Floor
506,Wallis,Trusdale,wtrusdalee1@macromedia.com,Male,1st Floor
507,Ginnie,Facher,gfachere2@yahoo.co.jp,Female,Room 1703
508,Alard,Kemery,akemerye3@wired.com,Male,Apt 1851
509,Rois,Stripp,rstrippe4@ehow.com,Female,Suite 47
510,Shaw,Hatliffe,shatliffee5@youtu.be,Male,7th Floor
511,Geordie,Birkett,gbirkette6@histats.com,Male,Room 1258
512,Lotta,Heineken,lheinekene7@studiopress.com,Female,17th Floor
513,Gherardo,Hoyland,ghoylande8@blogs.com,Male,PO Box 86106
514,Othella,Durbann,odurbanne9@parallels.com,Female,Room 378
515,Roth,Offill,roffillea@simplemachines.org,Male,Apt 1546
516,Blayne,Browse,bbrowseeb@reuters.com,Male,Apt 800
517,Mariana,Ilieve,milieveec@census.gov,Female,9th Floor
518,Mommy,Fronzek,mfronzeked@sourceforge.net,Genderfluid,PO Box 94299
519,Sherri,Siene,ssieneee@ft.com,Female,19th Floor
520,Ramonda,Pentecost,rpentecostef@biglobe.ne.jp,Genderqueer,Room 1744
521,Wash,Dalinder,wdalindereg@google.com.hk,Male,Room 708
522,Terrie,Runchman,trunchmaneh@discuz.net,Polygender,Apt 1795
523,Barby,Stallybrass,bstallybrassei@globo.com,Female,Room 813
524,Joe,Speere,jspeereej@exblog.jp,Agender,8th Floor
525,Ula,Petrasso,upetrassoek@yellowbook.com,Female,Suite 98
526,Cassius,Kynston,ckynstonel@umich.edu,Male,PO Box 6042
527,Ludovika,Postlethwaite,lpostlethwaiteem@flickr.com,Bigender,4th Floor
528,Rosemonde,Wallwood,rwallwooden@lulu.com,Female,Suite 82
529,Giff,Jakubovski,gjakubovskieo@mit.edu,Male,Room 1396
530,Rafi,Stolz,rstolzep@technorati.com,Male,Room 1970
531,Gunner,Mulmuray,gmulmurayeq@theguardian.com,Male,Apt 1834
532,Sigfrid,Cawse,scawseer@whitehouse.gov,Male,Room 1807
533,Sophey,Malimoe,smalimoees@nps.gov,Female,Suite 74
534,Karilynn,Paddemore,kpaddemoreet@behance.net,Female,15th Floor
535,Basil,Merrett,bmerretteu@craigslist.org,Male,Apt 933
536,Demott,Tritten,dtrittenev@privacy.gov.au,Male,Apt 132
537,Reena,McGirl,rmcgirlew@zdnet.com,Female,Room 337
538,Lenora,Labbez,llabbezex@time.com,Female,19th Floor
539,Nady,Barrington,nbarringtoney@sakura.ne.jp,Female,Suite 77
540,Moyna,Mateev,mmateevez@plala.or.jp,Female,PO Box 16545
541,Romy,Redholls,rredhollsf0@columbia.edu,Female,Apt 1699
542,Lamont,MacGettigen,lmacgettigenf1@imageshack.us,Male,Apt 712
543,Leesa,Buss,lbussf2@aboutads.info,Female,Room 1935
544,Blythe,Pollok,bpollokf3@alexa.com,Female,8th Floor
545,Annabal,Alpe,aalpef4@wired.com,Female,Apt 428
546,Romy,Farnill,rfarnillf5@craigslist.org,Polygender,6th Floor
547,Noni,Dundredge,ndundredgef6@house.gov,Female,Suite 52
548,Nanon,Rylatt,nrylattf7@apache.org,Female,Apt 1204
549,Cheslie,Blemen,cblemenf8@ustream.tv,Female,PO Box 2750
550,Carlie,Cunah,ccunahf9@bluehost.com,Female,PO Box 44071
551,Sonnie,Bandiera,sbandierafa@prlog.org,Agender,Apt 596
552,Ailbert,Wardrop,awardropfb@hc360.com,Male,17th Floor
553,Alfonso,Waudby,awaudbyfc@umich.edu,Male,PO Box 83345
554,Normie,MacUchadair,nmacuchadairfd@friendfeed.com,Male,Room 951
555,Hersh,MacNamee,hmacnameefe@instagram.com,Male,Apt 318
556,Blakelee,Paterson,bpatersonff@soup.io,Agender,Suite 99
557,Sanderson,Mansel,smanselfg@desdev.cn,Male,6th Floor
558,Silvia,Cords,scordsfh@samsung.com,Female,Suite 15
559,Shannan,Cleary,sclearyfi@weebly.com,Male,9th Floor
560,Caresse,Tarbert,ctarbertfj@nbcnews.com,Female,Room 1819
561,Parke,Marqyes,pmarqyesfk@businesswire.com,Male,Suite 88
562,Fonzie,Hillyatt,fhillyattfl@creativecommons.org,Male,Room 1367
563,Norri,Petrelli,npetrellifm@yellowpages.com,Female,PO Box 53784
564,Adoree,Abbott,aabbottfn@so-net.ne.jp,Female,Apt 273
565,Vonni,Castagne,vcastagnefo@squidoo.com,Female,PO Box 65214
566,Marv,Baudi,mbaudifp@engadget.com,Male,13th Floor
567,Haskel,McGuiney,hmcguineyfq@chicagotribune.com,Male,PO Box 47096
568,Tobiah,Rhys,trhysfr@mysql.com,Male,Suite 72
569,Ivy,Habens,ihabensfs@instagram.com,Female,3rd Floor
570,Charity,Sperski,csperskift@mashable.com,Female,Room 529
571,Erick,Macveigh,emacveighfu@usa.gov,Male,Apt 1225
572,Heddie,Ledley,hledleyfv@themeforest.net,Female,Suite 48
573,Swen,Jeanon,sjeanonfw@zimbio.com,Male,Room 895
574,Yul,Goodinge,ygoodingefx@arstechnica.com,Male,Suite 26
575,Blair,Ivery,biveryfy@joomla.org,Male,Apt 1336
576,Bing,Grealy,bgrealyfz@dyndns.org,Male,Suite 45
577,Morna,Maffeo,mmaffeog0@house.gov,Female,Suite 20
578,Peder,Mellows,pmellowsg1@smh.com.au,Male,Apt 271
579,Lexi,Vigours,lvigoursg2@tamu.edu,Female,12th Floor
580,Ollie,Andryunin,oandryuning3@mayoclinic.com,Male,Suite 6
581,Samuele,Wilne,swilneg4@cafepress.com,Male,Apt 1067
582,Roz,Leathers,rleathersg5@godaddy.com,Female,Room 1148
583,Alphonso,Cabell,acabellg6@a8.net,Male,4th Floor
584,Reggis,McCrackan,rmccrackang7@e-recht24.de,Male,PO Box 39525
585,Mariya,Kid,mkidg8@bbc.co.uk,Female,PO Box 81366
586,Gardy,Darkins,gdarkinsg9@engadget.com,Male,Suite 21
587,Iolanthe,Pau,ipauga@mac.com,Female,Apt 1935
588,Selle,Rheaume,srheaumegb@mapy.cz,Non-binary,14th Floor
589,Abel,Scala,ascalagc@opensource.org,Male,Suite 82
590,Loise,Stanbridge,lstanbridgegd@g.co,Female,PO Box 76093
591,Sayre,Harcus,sharcusge@chronoengine.com,Female,Apt 1819
592,Harmonia,Beharrell,hbeharrellgf@goo.ne.jp,Female,4th Floor
593,Barry,Romanski,bromanskigg@people.com.cn,Male,Room 985
594,Jay,Steabler,jsteablergh@clickbank.net,Male,Suite 88
595,Burl,Tale,btalegi@howstuffworks.com,Male,2nd Floor
596,Jenda,Cheetham,jcheethamgj@unicef.org,Female,Room 269
597,Shaylah,Doodson,sdoodsongk@csmonitor.com,Female,Suite 43
598,Conan,Gordon,cgordongl@admin.ch,Male,Room 969
599,Ursa,Bradberry,ubradberrygm@e-recht24.de,Female,Suite 29
600,Kaleb,Le Grys,klegrysgn@imgur.com,Male,Room 928
601,Emyle,Noraway,enorawaygo@cdc.gov,Female,Room 665
602,Ronny,Stein,rsteingp@delicious.com,Female,Suite 95
603,Seana,Philippsohn,sphilippsohngq@fema.gov,Female,Room 1107
604,Felicia,Benneyworth,fbenneyworthgr@elpais.com,Female,Room 1884
605,Jannelle,MacVean,jmacveangs@vinaora.com,Genderfluid,PO Box 59237
606,Karola,Elkins,kelkinsgt@sogou.com,Female,Apt 424
607,Merwyn,Pitcock,mpitcockgu@unc.edu,Male,Apt 22
608,Stanwood,Rodrig,srodriggv@berkeley.edu,Male,PO Box 53694
609,Maisey,Slayny,mslaynygw@timesonline.co.uk,Polygender,Apt 140
610,Miquela,Grimsdale,mgrimsdalegx@over-blog.com,Female,PO Box 67235
611,Emelita,Chetham,echethamgy@soundcloud.com,Female,Room 362
612,Vanna,Ding,vdinggz@sogou.com,Female,14th Floor
613,Bryant,Hindmoor,bhindmoorh0@e-recht24.de,Male,Suite 4
614,Rickard,Inglish,ringlishh1@statcounter.com,Male,Room 726
615,Isabella,Coston,icostonh2@theglobeandmail.com,Female,Apt 1964
616,Shurwood,Yabsley,syabsleyh3@shinystat.com,Male,Suite 45
617,Mikol,Garnett,mgarnetth4@bluehost.com,Male,Suite 56
618,Bertina,Novelli,bnovellih5@purevolume.com,Agender,Suite 20
619,Quintilla,Goodfellow,qgoodfellowh6@odnoklassniki.ru,Female,Room 1407
620,Auguste,Butlin,abutlinh7@trellian.com,Bigender,15th Floor
621,Bjorn,Pepper,bpepperh8@prweb.com,Male,Suite 18
622,Brita,Saddleton,bsaddletonh9@wikimedia.org,Female,PO Box 55944
623,Erwin,Churms,echurmsha@squidoo.com,Male,Room 835
624,Jacques,Tayspell,jtayspellhb@senate.gov,Male,Room 1365
625,Victor,Yushin,vyushinhc@archive.org,Agender,Apt 1831
626,Marge,Pretley,mpretleyhd@istockphoto.com,Female,PO Box 19718
627,Yulma,Braams,ybraamshe@networksolutions.com,Male,PO Box 37638
628,Spense,Kubasiewicz,skubasiewiczhf@joomla.org,Male,Suite 70
629,Ania,Golding,agoldinghg@hc360.com,Female,Room 1009
630,Tierney,Van Velde,tvanveldehh@dion.ne.jp,Female,PO Box 8416
631,Laurent,Deboo,ldeboohi@marriott.com,Male,Apt 388
632,Reagan,Lob,rlobhj@arizona.edu,Male,Apt 1545
633,Hestia,Enocksson,henockssonhk@aol.com,Female,PO Box 40243
634,Lovell,Cannicott,lcannicotthl@yale.edu,Male,PO Box 14597
635,Thoma,Jeannesson,tjeannessonhm@cafepress.com,Male,Suite 49
636,Leroi,Alessandrucci,lalessandruccihn@photobucket.com,Male,15th Floor
637,Sinclare,Smallridge,ssmallridgeho@abc.net.au,Male,Room 1027
638,Alberto,Simpkins,asimpkinshp@aboutads.info,Male,Apt 517
639,Aldous,Mansbridge,amansbridgehq@salon.com,Male,Suite 55
640,Debbie,Fearn,dfearnhr@ucsd.edu,Female,15th Floor
641,Valerie,MacSherry,vmacsherryhs@cpanel.net,Female,Room 1024
642,Carlynne,Poynton,cpoyntonht@cloudflare.com,Female,Apt 1960
643,Waite,McCalum,wmccalumhu@uol.com.br,Male,PO Box 13001
644,Avivah,Killerby,akillerbyhv@netlog.com,Bigender,20th Floor
645,Marguerite,Dufour,mdufourhw@ustream.tv,Female,PO Box 93586
646,Obed,Stockhill,ostockhillhx@buzzfeed.com,Male,Suite 86
647,Starlin,Sloey,ssloeyhy@pcworld.com,Female,PO Box 13501
648,Royce,Turfrey,rturfreyhz@newyorker.com,Male,15th Floor
649,Barbi,Mussalli,bmussallii0@homestead.com,Female,5th Floor
650,Viv,Izod,vizodi1@samsung.com,Female,20th Floor
651,Royce,Gives,rgivesi2@t.co,Male,Apt 212
652,Ferdinand,De Witt,fdewitti3@microsoft.com,Male,13th Floor
653,Stephanus,Colwell,scolwelli4@canalblog.com,Male,PO Box 16576
654,Roselia,Harrowell,rharrowelli5@telegraph.co.uk,Female,19th Floor
655,Gloriana,Brankley,gbrankleyi6@skyrock.com,Female,14th Floor
656,Aguste,Werner,awerneri7@ucsd.edu,Male,Room 1175
657,Fanny,Moughton,fmoughtoni8@sina.com.cn,Female,PO Box 45621
658,Aurore,Ensley,aensleyi9@apache.org,Non-binary,Suite 47
659,Malina,Setchfield,msetchfieldia@cbc.ca,Female,Suite 81
660,Stanislas,Mapledoore,smapledooreib@quantcast.com,Male,Room 1768
661,Terry,Sircombe,tsircombeic@fastcompany.com,Female,PO Box 2225
662,Jessie,Duckers,jduckersid@hostgator.com,Bigender,Suite 86
663,Bette-ann,Bouchier,bbouchierie@loc.gov,Female,PO Box 99556
664,Jefferey,O'Fogerty,jofogertyif@sciencedirect.com,Male,20th Floor
665,Mariette,Furmston,mfurmstonig@photobucket.com,Agender,Apt 1599
666,Koral,Towse,ktowseih@tinyurl.com,Female,5th Floor
667,Maud,Ionesco,mionescoii@nih.gov,Female,6th Floor
668,Quintana,Pinsent,qpinsentij@woothemes.com,Female,Apt 1729
669,Sophie,Willmett,swillmettik@indiegogo.com,Female,Apt 379
670,Donnie,Collingwood,dcollingwoodil@java.com,Female,12th Floor
671,Laurella,Gritland,lgritlandim@pcworld.com,Female,PO Box 22747
672,Ulberto,Newcomb,unewcombin@irs.gov,Male,PO Box 54271
673,Faustina,Zisneros,fzisnerosio@census.gov,Polygender,11th Floor
674,Marge,Hannis,mhannisip@psu.edu,Female,Room 1189
675,Iseabal,Al Hirsi,ialhirsiiq@cisco.com,Genderqueer,Apt 339
676,Caressa,Twaits,ctwaitsir@vistaprint.com,Female,Suite 35
677,Shurlocke,Silversmidt,ssilversmidtis@newyorker.com,Male,Suite 4
678,Hans,Sheryne,hsheryneit@mysql.com,Male,Apt 26
679,Kleon,Willman,kwillmaniu@amazon.co.jp,Male,Apt 352
680,Sabina,O'Lennane,solennaneiv@umn.edu,Female,Suite 100
681,Orton,Cure,ocureiw@yale.edu,Male,PO Box 16442
682,Vinni,Safe,vsafeix@ning.com,Female,PO Box 71549
683,Pascale,Dreier,pdreieriy@diigo.com,Polygender,Room 508
684,Fergus,Hawtrey,fhawtreyiz@woothemes.com,Polygender,Room 14
685,Valeria,Ormshaw,vormshawj0@imageshack.us,Female,Apt 512
686,Delmor,Bellinger,dbellingerj1@yandex.ru,Male,3rd Floor
687,Jamie,Bickerstaffe,jbickerstaffej2@unc.edu,Male,7th Floor
688,Raf,Brimley,rbrimleyj3@icq.com,Female,PO Box 31982
689,Correy,Sherratt,csherrattj4@jiathis.com,Female,Room 1023
690,Josias,Dimitriev,jdimitrievj5@salon.com,Male,Suite 15
691,Guinevere,O'Dennehy,godennehyj6@wikispaces.com,Female,Suite 4
692,Justen,Hainning,jhainningj7@t-online.de,Male,Room 2000
693,Lynette,Tongue,ltonguej8@narod.ru,Female,Room 1853
694,Cullie,Espadate,cespadatej9@ed.gov,Genderqueer,Suite 29
695,Essa,Taillard,etaillardja@about.me,Genderfluid,PO Box 62653
696,Gunther,Pickance,gpickancejb@github.io,Polygender,Room 1557
697,Sheila,Cattellion,scattellionjc@uiuc.edu,Female,Apt 868
698,Gertrude,Hambatch,ghambatchjd@fda.gov,Female,PO Box 5435
699,Ardis,Poundesford,apoundesfordje@theglobeandmail.com,Female,Room 229
700,Ingeborg,Poel,ipoeljf@wired.com,Female,Suite 41
701,Maryrose,Coalbran,mcoalbranjg@fotki.com,Female,10th Floor
702,Cathy,Moxsom,cmoxsomjh@com.com,Female,PO Box 85276
703,Nicolea,Castelot,ncastelotji@jiathis.com,Female,Room 884
704,Basile,Haughin,bhaughinjj@state.gov,Male,Suite 82
705,Witty,Timlett,wtimlettjk@newsvine.com,Male,PO Box 94451
706,Shell,Kid,skidjl@wiley.com,Male,Room 1600
707,Wallace,Toxell,wtoxelljm@columbia.edu,Male,Suite 1
708,Butch,Philippart,bphilippartjn@dropbox.com,Male,PO Box 95390
709,Kay,Allard,kallardjo@vinaora.com,Female,PO Box 22174
710,Edi,Ghidini,eghidinijp@surveymonkey.com,Female,PO Box 10618
711,Olly,Klempke,oklempkejq@yellowbook.com,Female,Suite 13
712,Tyler,Trenchard,ttrenchardjr@unblog.fr,Male,PO Box 75522
713,Giustino,Dudding,gduddingjs@alexa.com,Male,PO Box 75505
714,Herman,Heister,hheisterjt@tiny.cc,Male,1st Floor
715,Pia,Zoppo,pzoppoju@washington.edu,Female,Apt 1199
716,Mariette,Bourdon,mbourdonjv@discovery.com,Female,7th Floor
717,Lawton,Colebourn,lcolebournjw@salon.com,Male,20th Floor
718,Katha,Morales,kmoralesjx@reference.com,Female,Apt 1023
719,Cobbie,Spatarul,cspataruljy@pcworld.com,Male,9th Floor
720,Lawrence,Corson,lcorsonjz@dedecms.com,Male,Apt 13
721,Jo,Paschke,jpaschkek0@deliciousdays.com,Female,PO Box 68145
722,Mattie,Toohey,mtooheyk1@sphinn.com,Female,Suite 47
723,Claudine,Comiskey,ccomiskeyk2@flickr.com,Genderqueer,Suite 22
724,Mannie,Stainland,mstainlandk3@51.la,Male,Room 494
725,Dorolisa,Charrisson,dcharrissonk4@aboutads.info,Female,Suite 56
726,Karim,Ivshin,kivshink5@cmu.edu,Male,Apt 1764
727,Casie,Faill,cfaillk6@weebly.com,Female,2nd Floor
728,Waiter,Harring,wharringk7@mail.ru,Male,PO Box 61718
729,Demetri,Streatfield,dstreatfieldk8@youku.com,Male,Room 1508
730,Misti,Crosson,mcrossonk9@dell.com,Female,Suite 69
731,Hildagard,Filintsev,hfilintsevka@microsoft.com,Female,PO Box 64831
732,Spence,Euston,seustonkb@ox.ac.uk,Male,16th Floor
733,Bren,Franklin,bfranklinkc@dion.ne.jp,Male,3rd Floor
734,Rodrigo,Zuann,rzuannkd@yandex.ru,Male,PO Box 13138
735,Trip,Wherrett,twherrettke@pen.io,Male,Apt 884
736,Carolyn,Keeltagh,ckeeltaghkf@forbes.com,Female,Room 825
737,Avigdor,Howson,ahowsonkg@devhub.com,Male,17th Floor
738,Drusy,Marques,dmarqueskh@deliciousdays.com,Female,Apt 1915
739,Ilyse,Skey,iskeyki@google.pl,Female,PO Box 56152
740,Odille,Guise,oguisekj@people.com.cn,Female,7th Floor
741,Willette,McKinnon,wmckinnonkk@sfgate.com,Female,Room 886
742,Meghann,Crofts,mcroftskl@wikipedia.org,Female,Suite 9
743,Cosette,Ordemann,cordemannkm@flavors.me,Female,PO Box 93054
744,Lanie,Hernik,lhernikkn@narod.ru,Female,Apt 1032
745,Skyler,McCrann,smccrannko@seesaa.net,Male,12th Floor
746,Izaak,Evemy,ievemykp@is.gd,Male,Room 66
747,Claus,Birchenhead,cbirchenheadkq@chronoengine.com,Male,PO Box 41889
748,Arny,Morfield,amorfieldkr@msn.com,Male,Room 373
749,Abdul,Bryns,abrynsks@wisc.edu,Male,1st Floor
750,Bradley,Tarborn,btarbornkt@umn.edu,Male,Suite 63
751,Rubi,Mortimer,rmortimerku@phoca.cz,Female,14th Floor
752,Trenna,Gonnely,tgonnelykv@cnn.com,Female,PO Box 73728
753,Ward,Holleran,whollerankw@e-recht24.de,Male,5th Floor
754,Brandy,Avo,bavokx@yahoo.co.jp,Male,Apt 829
755,Quincey,Pudsey,qpudseyky@technorati.com,Male,Suite 60
756,Ezra,De Haven,edehavenkz@a8.net,Male,Suite 68
757,Tristam,Beadle,tbeadlel0@wikimedia.org,Male,Room 1411
758,Gerrie,Tugman,gtugmanl1@networksolutions.com,Female,Room 391
759,Merola,Boyett,mboyettl2@google.de,Female,PO Box 15655
760,Noelle,Kastel,nkastell3@amazon.co.jp,Female,Suite 44
761,Ernestine,Zuker,ezukerl4@bigcartel.com,Genderfluid,Room 1492
762,Nicholle,Semken,nsemkenl5@apple.com,Agender,Room 802
763,Shawn,Greenaway,sgreenawayl6@live.com,Male,Suite 63
764,Emmerich,Gossop,egossopl7@yahoo.co.jp,Male,15th Floor
765,Ferris,Methuen,fmethuenl8@edublogs.org,Male,Apt 1324
766,Solomon,Lapree,slapreel9@umich.edu,Male,Room 1105
767,Sophronia,Howen,showenla@live.com,Female,PO Box 29451
768,Caralie,Bevans,cbevanslb@seattletimes.com,Female,18th Floor
769,Tristan,Charter,tcharterlc@usgs.gov,Male,Suite 58
770,Ruddy,Juppe,rjuppeld@latimes.com,Male,Room 869
771,Remus,Allbrook,rallbrookle@slate.com,Male,Apt 1599
772,Spenser,Maydwell,smaydwelllf@ca.gov,Male,Apt 15
773,Hayes,Belton,hbeltonlg@ycombinator.com,Male,Suite 41
774,Hazlett,Coomer,hcoomerlh@shinystat.com,Male,Suite 57
775,Babita,Lamy,blamyli@pinterest.com,Female,Room 1452
776,Carita,Tibbetts,ctibbettslj@bloglines.com,Female,PO Box 84321
777,Cahra,Smullin,csmullinlk@craigslist.org,Female,Suite 48
778,Larry,Kimblin,lkimblinll@scientificamerican.com,Male,Apt 1354
779,Levi,Fipp,lfipplm@cafepress.com,Male,Room 287
780,Naomi,Noice,nnoiceln@wikimedia.org,Non-binary,Suite 47
781,Dion,Billingsly,dbillingslylo@prnewswire.com,Male,Room 1860
782,Alva,Brogden,abrogdenlp@oaic.gov.au,Male,Room 1936
783,Obed,Oppery,oopperylq@businessweek.com,Polygender,Suite 50
784,Ingaborg,Treslove,itreslovelr@xing.com,Genderfluid,PO Box 81692
785,Aliza,Spiteri,aspiterils@stumbleupon.com,Female,9th Floor
786,Alejandro,Romanetti,aromanettilt@icq.com,Male,Suite 94
787,Tommie,Mityashev,tmityashevlu@wsj.com,Male,5th Floor
788,Brannon,O'Day,bodaylv@quantcast.com,Male,Apt 543
789,Romain,Heading,rheadinglw@scientificamerican.com,Male,PO Box 96712
790,Giacobo,Fusco,gfuscolx@techcrunch.com,Male,Room 668
791,Barb,Puxley,bpuxleyly@un.org,Female,Room 35
792,Johan,Cloney,jcloneylz@guardian.co.uk,Male,Room 671
793,Suzi,Lanfear,slanfearm0@deliciousdays.com,Female,PO Box 27970
794,Kat,Perrin,kperrinm1@facebook.com,Female,Apt 606
795,Shanta,Worling,sworlingm2@quantcast.com,Female,Apt 1003
796,Dallis,MacKissack,dmackissackm3@virginia.edu,Male,Suite 14
797,Thom,Farquar,tfarquarm4@harvard.edu,Male,Apt 1003
798,Barbe,Gathwaite,bgathwaitem5@examiner.com,Female,PO Box 32887
799,Andrea,Drew,adrewm6@digg.com,Female,Suite 11
800,Erik,Marjoram,emarjoramm7@wired.com,Male,Room 576
801,Stephine,Rodenhurst,srodenhurstm8@dagondesign.com,Agender,8th Floor
802,Currie,Ronaghan,cronaghanm9@exblog.jp,Male,Apt 1868
803,Hal,Orrah,horrahma@telegraph.co.uk,Male,11th Floor
804,Tomlin,Elsey,telseymb@cisco.com,Male,PO Box 65055
805,Pietra,Chipping,pchippingmc@theatlantic.com,Female,Apt 1764
806,Myrna,Isaq,misaqmd@rediff.com,Female,Room 748
807,Robbi,Jacobssen,rjacobssenme@opera.com,Female,Apt 621
808,Revkah,Humbatch,rhumbatchmf@oracle.com,Female,PO Box 99376
809,Weidar,Carette,wcarettemg@imgur.com,Male,Room 1776
810,Brannon,Goward,bgowardmh@auda.org.au,Male,PO Box 47006
811,Geralda,Henstridge,ghenstridgemi@wisc.edu,Female,19th Floor
812,Kennith,Myles,kmylesmj@yandex.ru,Bigender,Suite 88
813,Laird,Bonnor,lbonnormk@latimes.com,Male,PO Box 68318
814,Maye,Treharne,mtreharneml@gizmodo.com,Female,Room 1860
815,Delora,Boxell,dboxellmm@studiopress.com,Female,Apt 1699
816,Lyman,Kitchingman,lkitchingmanmn@wikispaces.com,Male,8th Floor
817,Anett,Rainger,araingermo@ucsd.edu,Female,Room 1699
818,Adi,Desantis,adesantismp@comsenz.com,Female,Apt 382
819,Nadia,Petrashkov,npetrashkovmq@goo.ne.jp,Female,Apt 370
820,Netti,Gain,ngainmr@weibo.com,Agender,7th Floor
821,Orelee,Stuchbury,ostuchburyms@1688.com,Female,PO Box 94695
822,Devi,Idney,didneymt@phoca.cz,Female,Apt 203
823,Kellie,Foucar,kfoucarmu@theguardian.com,Female,Suite 88
824,Shalne,Salaman,ssalamanmv@pcworld.com,Female,11th Floor
825,Trent,O'Neill,toneillmw@mlb.com,Male,PO Box 90191
826,Eldridge,McGlaughn,emcglaughnmx@fastcompany.com,Male,Apt 64
827,Sheena,Ruecastle,sruecastlemy@cam.ac.uk,Female,PO Box 68565
828,Mercie,Witton,mwittonmz@forbes.com,Female,PO Box 52559
829,Gregorio,Ivatt,givattn0@eventbrite.com,Male,Room 842
830,Griffy,Dudson,gdudsonn1@networkadvertising.org,Genderqueer,Room 1850
831,Field,Lohmeyer,flohmeyern2@indiatimes.com,Male,18th Floor
832,Lydon,Bault,lbaultn3@cbsnews.com,Male,PO Box 76933
833,Filippa,Brack,fbrackn4@mac.com,Female,Suite 25
834,Carolus,Canellas,ccanellasn5@google.co.uk,Male,PO Box 92610
835,Kenon,Ingerith,kingerithn6@upenn.edu,Male,2nd Floor
836,Stoddard,Tremouille,stremouillen7@pcworld.com,Agender,1st Floor
837,Danny,Gindghill,dgindghilln8@ucoz.ru,Male,Suite 32
838,Brooke,Collibear,bcollibearn9@miibeian.gov.cn,Female,Suite 9
839,Cash,Campione,ccampionena@illinois.edu,Male,PO Box 31816
840,Thatcher,Broadwood,tbroadwoodnb@sciencedaily.com,Male,Suite 56
841,Darius,Fawthorpe,dfawthorpenc@over-blog.com,Male,Apt 1457
842,Oralia,Fattore,ofattorend@hp.com,Female,Apt 626
843,Mei,Marian,mmarianne@linkedin.com,Female,Suite 34
844,Annabelle,Screwton,ascrewtonnf@over-blog.com,Female,1st Floor
845,Florina,Salvidge,fsalvidgeng@dailymotion.com,Female,10th Floor
846,Niko,Shoemark,nshoemarknh@hostgator.com,Male,2nd Floor
847,Jermain,Kemme,jkemmeni@samsung.com,Male,Room 1609
848,Maryjo,Instone,minstonenj@va.gov,Female,Suite 32
849,Manolo,Kauscher,mkauschernk@sciencedirect.com,Male,Apt 1738
850,Freddi,Gladebeck,fgladebecknl@ft.com,Female,Suite 89
851,Dani,Solon,dsolonnm@linkedin.com,Female,Apt 151
852,Pammi,Ridsdell,pridsdellnn@accuweather.com,Female,Apt 1172
853,Valera,Fulkes,vfulkesno@stumbleupon.com,Female,Apt 86
854,Abdul,McRannell,amcrannellnp@who.int,Male,Room 151
855,Shandeigh,Walenta,swalentanq@nifty.com,Female,Suite 21
856,Nadean,Shipston,nshipstonnr@princeton.edu,Female,Suite 100
857,Ody,Porrett,oporrettns@freewebs.com,Male,Room 418
858,Kassandra,Blackster,kblacksternt@prlog.org,Female,PO Box 44669
859,Kendra,Collicott,kcollicottnu@digg.com,Female,Apt 1811
860,Shena,De Blase,sdeblasenv@google.de,Female,1st Floor
861,Lemuel,Perview,lperviewnw@umich.edu,Male,17th Floor
862,Emory,Lovart,elovartnx@mapquest.com,Male,PO Box 60447
863,Robbie,Mably,rmablyny@godaddy.com,Female,Suite 7
864,Denice,Jackman,djackmannz@tripadvisor.com,Non-binary,PO Box 81027
865,Holli,Tessington,htessingtono0@marriott.com,Non-binary,3rd Floor
866,Elvina,Darnell,edarnello1@cornell.edu,Female,PO Box 66652
867,Felipe,Viel,fvielo2@homestead.com,Male,PO Box 44936
868,Cynthy,Hammel,chammelo3@i2i.jp,Female,Room 1620
869,Lauren,Cotte,lcotteo4@mit.edu,Bigender,PO Box 84582
870,Cecily,Riach,criacho5@biblegateway.com,Genderqueer,Room 1819
871,Boyd,Henrichsen,bhenrichseno6@icq.com,Male,PO Box 4799
872,Idell,Housecroft,ihousecrofto7@hibu.com,Female,Room 1520
873,Tab,Mixter,tmixtero8@ifeng.com,Polygender,Room 1091
874,Corabella,Kindle,ckindleo9@usnews.com,Genderqueer,Suite 74
875,Dayna,Livingstone,dlivingstoneoa@addtoany.com,Female,2nd Floor
876,Roman,Laverenz,rlaverenzob@comcast.net,Male,Apt 297
877,Thayne,Dowdle,tdowdleoc@huffingtonpost.com,Male,Apt 77
878,Kaia,Church,kchurchod@ftc.gov,Female,Apt 561
879,Sibyl,Devennie,sdevennieoe@weather.com,Female,Suite 60
880,April,Deniskevich,adeniskevichof@independent.co.uk,Genderqueer,Apt 1326
881,Jessa,Euplate,jeuplateog@wikipedia.org,Female,4th Floor
882,Eldon,McKnockiter,emcknockiteroh@slashdot.org,Male,3rd Floor
883,Rogerio,Leeburne,rleeburneoi@people.com.cn,Male,8th Floor
884,Evania,Collyns,ecollynsoj@xing.com,Female,13th Floor
885,Ancell,Lewin,alewinok@squarespace.com,Non-binary,Room 963
886,Thacher,Tytcomb,ttytcombol@hc360.com,Male,Suite 98
887,Giffard,Fawthorpe,gfawthorpeom@arizona.edu,Genderqueer,PO Box 16584
888,Stanislas,Verryan,sverryanon@unc.edu,Male,PO Box 99298
889,Annemarie,Gawthrop,agawthropoo@amazon.com,Female,PO Box 91882
890,Marlin,Frontczak,mfrontczakop@woothemes.com,Male,9th Floor
891,Ware,Rilton,wriltonoq@cloudflare.com,Male,Room 1684
892,Clo,Moulden,cmouldenor@yandex.ru,Female,PO Box 95496
893,Reta,Marconi,rmarconios@uol.com.br,Genderqueer,PO Box 37318
894,Sheena,Arnaldi,sarnaldiot@msn.com,Female,4th Floor
895,Cornie,Langlands,clanglandsou@psu.edu,Male,10th Floor
896,Domingo,Drohun,ddrohunov@eepurl.com,Male,PO Box 541
897,Tandy,Chotty,tchottyow@imdb.com,Female,15th Floor
898,Ambur,Joicey,ajoiceyox@wordpress.com,Female,Apt 129
899,Danie,Wycherley,dwycherleyoy@parallels.com,Male,Apt 269
900,Raleigh,Chalke,rchalkeoz@chicagotribune.com,Male,PO Box 16007
901,Kane,Kenvin,kkenvinp0@omniture.com,Male,Suite 97
902,Allistir,Jewkes,ajewkesp1@yolasite.com,Polygender,17th Floor
903,Rufus,Pickaver,rpickaverp2@harvard.edu,Male,12th Floor
904,Ware,Barnet,wbarnetp3@lycos.com,Male,Suite 15
905,Maia,Greim,mgreimp4@time.com,Agender,5th Floor
906,Jean,Cordell,jcordellp5@github.io,Female,Apt 892
907,Gianni,Farreil,gfarreilp6@whitehouse.gov,Male,PO Box 25425
908,Diane-marie,Daal,ddaalp7@google.com,Female,Room 381
909,Kristopher,Steinhammer,ksteinhammerp8@pbs.org,Genderqueer,PO Box 19111
910,Gaston,Gratland,ggratlandp9@usatoday.com,Male,Apt 1771
911,Palm,Templman,ptemplmanpa@arizona.edu,Male,3rd Floor
912,Morrie,Soppit,msoppitpb@youku.com,Male,Suite 8
913,Erina,Knewstubb,eknewstubbpc@harvard.edu,Female,13th Floor
914,Hillyer,Ullett,hullettpd@weather.com,Male,PO Box 59878
915,Emelita,O'Garmen,eogarmenpe@reddit.com,Female,Room 1374
916,Weber,O'Sirin,wosirinpf@tumblr.com,Male,Suite 3
917,Celia,Cressey,ccresseypg@nih.gov,Genderqueer,PO Box 7388
918,Mirabelle,Klasing,mklasingph@nbcnews.com,Female,Room 1325
919,Greer,Deller,gdellerpi@ning.com,Female,Room 516
920,Land,Bricklebank,lbricklebankpj@cocolog-nifty.com,Male,Suite 26
921,Lolita,Badam,lbadampk@technorati.com,Female,PO Box 26435
922,Lyn,Feilden,lfeildenpl@ed.gov,Male,PO Box 37656
923,Port,Eilhermann,peilhermannpm@usa.gov,Bigender,Suite 83
924,Lenore,Pally,lpallypn@about.com,Polygender,Apt 1787
925,Sianna,Bulbrook,sbulbrookpo@unblog.fr,Female,13th Floor
926,Amble,Banville,abanvillepp@hp.com,Male,8th Floor
927,Farrand,McGray,fmcgraypq@cpanel.net,Female,Suite 71
928,Willey,Skellion,wskellionpr@upenn.edu,Male,Suite 85
929,Benyamin,Skrzynski,bskrzynskips@indiatimes.com,Male,PO Box 7362
930,Nathanial,Longson,nlongsonpt@craigslist.org,Male,Suite 100
931,Anatol,Kleinhaut,akleinhautpu@wired.com,Male,Apt 754
932,Chelsie,Couvet,ccouvetpv@ow.ly,Female,Suite 100
933,Dirk,Rennock,drennockpw@soup.io,Male,PO Box 34180
934,Verna,Woolager,vwoolagerpx@geocities.jp,Female,18th Floor
935,Sammy,D'Antonio,sdantoniopy@sun.com,Female,Apt 953
936,Kellby,Noice,knoicepz@soup.io,Male,Apt 102
937,Raeann,Brasseur,rbrasseurq0@g.co,Female,Room 1369
938,Nerta,Yitzovitz,nyitzovitzq1@woothemes.com,Female,PO Box 95151
939,Lambert,Le Houx,llehouxq2@jalbum.net,Male,Apt 862
940,Erhart,Corfield,ecorfieldq3@wix.com,Male,PO Box 32082
941,Kimbra,Paff,kpaffq4@dedecms.com,Agender,Room 50
942,Zelda,Cantillon,zcantillonq5@msu.edu,Female,PO Box 74464
943,Augustus,Skipperbottom,askipperbottomq6@ocn.ne.jp,Male,Suite 50
944,Rebekkah,Fasson,rfassonq7@hao123.com,Non-binary,12th Floor
945,Tony,Titchard,ttitchardq8@economist.com,Male,Apt 1824
946,Blake,Lynthal,blynthalq9@time.com,Genderfluid,Apt 1709
947,Gwynne,Barnhart,gbarnhartqa@livejournal.com,Female,15th Floor
948,Prent,Mandres,pmandresqb@columbia.edu,Male,PO Box 49010
949,North,Bramer,nbramerqc@symantec.com,Male,17th Floor
950,Cassius,Pollok,cpollokqd@npr.org,Non-binary,Apt 1613
951,Reinwald,Lergan,rlerganqe@blog.com,Male,6th Floor
952,Rey,Busswell,rbusswellqf@pen.io,Genderqueer,Apt 1026
953,Adi,Horley,ahorleyqg@psu.edu,Female,Apt 1636
954,Pegeen,Nerheny,pnerhenyqh@upenn.edu,Female,PO Box 26082
955,Salmon,Werner,swernerqi@networksolutions.com,Male,Suite 83
956,Domingo,Gainsford,dgainsfordqj@google.fr,Male,PO Box 31183
957,Edwin,McGettrick,emcgettrickqk@blogs.com,Bigender,PO Box 69090
958,Kiele,Reinhard,kreinhardql@bizjournals.com,Female,19th Floor
959,Demetris,Garment,dgarmentqm@ucoz.ru,Male,Apt 1674
960,Concettina,Alvarado,calvaradoqn@quantcast.com,Female,Room 1289
961,Dan,Havik,dhavikqo@furl.net,Male,Room 646
962,Maryrose,McGrath,mmcgrathqp@nytimes.com,Female,PO Box 42958
963,Fin,Wherrit,fwherritqq@naver.com,Male,PO Box 85411
964,Winny,Hapke,whapkeqr@marriott.com,Male,Apt 486
965,Lyndy,Crisall,lcrisallqs@google.it,Female,PO Box 76159
966,Sioux,Leverette,sleveretteqt@yahoo.com,Female,Room 828
967,Mala,Scane,mscanequ@ca.gov,Female,Room 1461
968,Lek,Devany,ldevanyqv@nba.com,Male,Apt 1429
969,Brendin,Tackle,btackleqw@who.int,Male,20th Floor
970,Cyb,Coombe,ccoombeqx@barnesandnoble.com,Female,3rd Floor
971,Cammi,Diprose,cdiproseqy@vinaora.com,Polygender,Apt 1204
972,Justinian,Hrinchenko,jhrinchenkoqz@nature.com,Male,PO Box 72099
973,Waiter,Acton,wactonr0@purevolume.com,Male,Suite 59
974,Rania,Blood,rbloodr1@forbes.com,Female,Suite 82
975,Lara,Pethybridge,lpethybridger2@yale.edu,Female,Room 933
976,Saidee,Cocker,scockerr3@tuttocitta.it,Female,Room 1434
977,Barbe,Roskell,broskellr4@taobao.com,Female,Apt 1236
978,Filia,Guess,fguessr5@umn.edu,Female,Room 1914
979,Quinn,Kempston,qkempstonr6@wp.com,Male,PO Box 13135
980,Cletis,Gritsaev,cgritsaevr7@sakura.ne.jp,Male,PO Box 54474
981,Zolly,Lock,zlockr8@addthis.com,Male,PO Box 49030
982,Geno,Sawle,gsawler9@imageshack.us,Male,Room 267
983,Karola,Buckmaster,kbuckmasterra@msu.edu,Female,2nd Floor
984,Briano,Wartnaby,bwartnabyrb@answers.com,Male,14th Floor
985,Stanislas,Boller,sbollerrc@thetimes.co.uk,Male,Apt 1672
986,Jason,Freyne,jfreynerd@google.it,Male,Apt 248
987,Constantin,Hayter,chayterre@ted.com,Male,PO Box 27238
988,Vincenty,Bremley,vbremleyrf@opensource.org,Male,16th Floor
989,Lorna,Beggs,lbeggsrg@twitpic.com,Female,19th Floor
990,Erny,Saunt,esauntrh@deliciousdays.com,Male,PO Box 26422
991,Aretha,Vasile,avasileri@loc.gov,Non-binary,Suite 39
992,Christiano,Alten,caltenrj@soundcloud.com,Polygender,Suite 65
993,Maddy,Marlon,mmarlonrk@nytimes.com,Male,Room 524
994,Lou,Spalton,lspaltonrl@freewebs.com,Female,Room 85
995,Elora,Rattry,erattryrm@slideshare.net,Female,Room 1951
996,Devan,Surman-Wells,dsurmanwellsrn@ifeng.com,Female,PO Box 94535
997,Aldon,Badby,abadbyro@buzzfeed.com,Male,12th Floor
998,Delmore,Boxer,dboxerrp@tamu.edu,Male,Suite 58
999,Johannes,Petrello,jpetrellorq@howstuffworks.com,Male,PO Box 58163
1000,Clarey,Downse,cdownserr@nsw.gov.au,Female,Room 1717
